{
  "buildCommand": "npm run build",
  "devCommand": "npm run dev",
  "installCommand": "npm install",
  "framework": "nextjs",
  "regions": ["iad1"],
  "env": {
    "DATABASE_URL": "@database_url",
    "NEXT_PUBLIC_CLERK_PUBLISHABLE_KEY": "@clerk_publishable_key",
    "CLERK_SECRET_KEY": "@clerk_secret_key",
    "STRIPE_SECRET_KEY": "@stripe_secret_key",
    "NEXT_PUBLIC_STRIPE_PUBLISHABLE_KEY": "@stripe_publishable_key",
    "STRIPE_WEBHOOK_SECRET": "@stripe_webhook_secret",
    "STRIPE_PRICE_ID_MONTHLY": "@stripe_price_monthly",
    "STRIPE_PRICE_ID_ANNUAL": "@stripe_price_annual",
    "NEXT_PUBLIC_APP_URL": "@app_url"
  }
}